{
    "$schema": "https://schema.management.azure.com/schemas/2019-04-01/deploymentTemplate.json#",
    "contentVersion": "1.0.0.0",
    "parameters": {
        "virtualNetworks_container_apps_vnet_name": {
            "defaultValue": "container-apps-vnet",
            "type": "String"
        }
    },
    "variables": {},
    "resources": [
        {
            "type": "Microsoft.Network/virtualNetworks",
            "apiVersion": "2024-07-01",
            "name": "[parameters('virtualNetworks_container_apps_vnet_name')]",
            "location": "japanwest",
            "properties": {
                "addressSpace": {
                    "addressPrefixes": [
                        "10.0.0.0/16"
                    ]
                },
                "encryption": {
                    "enabled": false,
                    "enforcement": "AllowUnencrypted"
                },
                "privateEndpointVNetPolicies": "Disabled",
                "subnets": [
                    {
                        "name": "default",
                        "id": "[resourceId('Microsoft.Network/virtualNetworks/subnets', parameters('virtualNetworks_container_apps_vnet_name'), 'default')]",
                        "properties": {
                            "addressPrefixes": [
                                "10.0.0.0/20"
                            ],
                            "delegations": [
                                {
                                    "name": "Microsoft.App.environments",
                                    "id": "[concat(resourceId('Microsoft.Network/virtualNetworks/subnets', parameters('virtualNetworks_container_apps_vnet_name'), 'default'), '/delegations/Microsoft.App.environments')]",
                                    "properties": {
                                        "serviceName": "Microsoft.App/environments"
                                    },
                                    "type": "Microsoft.Network/virtualNetworks/subnets/delegations"
                                }
                            ],
                            "privateEndpointNetworkPolicies": "Disabled",
                            "privateLinkServiceNetworkPolicies": "Enabled"
                        },
                        "type": "Microsoft.Network/virtualNetworks/subnets"
                    }
                ],
                "virtualNetworkPeerings": [],
                "enableDdosProtection": false
            }
        },
        {
            "type": "Microsoft.Network/virtualNetworks/subnets",
            "apiVersion": "2024-07-01",
            "name": "[concat(parameters('virtualNetworks_container_apps_vnet_name'), '/default')]",
            "dependsOn": [
                "[resourceId('Microsoft.Network/virtualNetworks', parameters('virtualNetworks_container_apps_vnet_name'))]"
            ],
            "properties": {
                "addressPrefixes": [
                    "10.0.0.0/20"
                ],
                "delegations": [
                    {
                        "name": "Microsoft.App.environments",
                        "id": "[concat(resourceId('Microsoft.Network/virtualNetworks/subnets', parameters('virtualNetworks_container_apps_vnet_name'), 'default'), '/delegations/Microsoft.App.environments')]",
                        "properties": {
                            "serviceName": "Microsoft.App/environments"
                        },
                        "type": "Microsoft.Network/virtualNetworks/subnets/delegations"
                    }
                ],
                "privateEndpointNetworkPolicies": "Disabled",
                "privateLinkServiceNetworkPolicies": "Enabled"
            }
        }
    ]
}